{"summary": {"days": {"牛市": 300, "震荡市": 944}, "period_ret": {"牛市": -0.022408, "震荡市": -0.016770493242594827}, "ann_ret": {"牛市": -0.018856758307510102, "震荡市": -0.004504657124981937}, "benchmark_ret": {"牛市": -0.1629321844807008, "震荡市": 0.08437106613031364}, "alpha": {"牛市": 0.11948609853262782, "震荡市": -0.02154560902805136}, "max_dd": {"牛市": -0.2687009375580593, "震荡市": -0.28465626670043587}, "volatility": {"牛市": 0.29916579196152976, "震荡市": 0.26935417853989135}, "sharpe": {"牛市": -0.16330997600752653, "震荡市": -0.12810143622803236}}, "annual": {}, "recent_12m": {"strategy": -0.09258308696923423, "benchmark": 0.18619556231572432, "alpha": -0.27877864928495855}}